Job Title,Company,Location,Education,Experience,Deadline
Relationship Officer (Card Division),A renowned Private Commercial Bank,Anywhere in Bangladesh,Bachelor degree in any disciplineNo 3rd division (below 2.50) is allowed.Candidate must be from a ...,Na,"
5 Sep 2023"
Executive - Tele Credit,Air Alliance Ltd./ UPS,GULSHAN 2,Bachelor degree in any discipline,0 to 2 year(s),"
5 Sep 2023"
"Executive, Front Desk (Operations)",Papyrus Communications Ltd.,GULSHAN 1,Bachelor degree in any disciplineAny reputed Public or Private Institution,At least 1 year(s),"
4 Sep 2023"
Management  Assistant,Wace Commercial Co. Ltd.,Gulshan,Bachelor Degree in Commerce/Management/Arts/ other disciplines from a recognized University.,Na,"
5 Sep 2023"
প্রভাষক - পদার্থবিজ্ঞান,Imperial College Moulvibazar,মৌলভীবাজার,সংশ্লিষ্ট বিষয়ে অনার্স/মাস্টার্স ডিগ্রি।,Na,"
5 Sep 2023"
Deputy Manager/ Manager- Digital Academy,DBL GROUP,GULSHAN 1,Master of Business Administration (MBA) in Marketing,At least 10 year(s),"
5 Sep 2023"
অফিস সহকারি,Haque BD,ফরিদপুর,ডিপ্লোমা,0 to 1 year(s),"
5 Sep 2023"
Electrician - IsDB,Friendship,Anywhere in Bangladesh,"Minimum SSC
Electrical Technician Certificate or equivalent  from a recognized training ...",2 to 3 year(s),"
5 Sep 2023"
Counselor (Whykong),Bandhu Social Welfare Society,Cox's Bazar,Bachelor of Social Science (BSS) in Psychology,0 to 1 year(s),"
5 Sep 2023"
Nutrition Manager/ Specialist,Friendship,Anywhere in Bangladesh,"Bachelor`s or master`s degree in nutrition, Public Health, or a related field from any recognized ...",At least 5 year(s),"
5 Sep 2023"
Head of Finance & Accounts,A Prominent organization,Banani,Bachelor degree in any disciplineACA/FCA is preferred,At least 10 year(s),"
5 Sep 2023"
Medical Information Officer,Aristopharma Ltd.,Anywhere in Bangladesh,"Na
                                                        






 Deadline: 

5 Sep 2023",Na,"
5 Sep 2023"
Psychologist Supervisor -  SMHPSS Project,World Vision Bangladesh,Debhata,"At least 3 year(s)
                                                        






 Deadline: 

5 Sep 2023",At least 3 year(s),"
5 Sep 2023"
Project Coordinator - SMHPSS Project,World Vision Bangladesh,Morrelganj,"At least 3 year(s)
                                                        






 Deadline: 

5 Sep 2023",At least 3 year(s),"
5 Sep 2023"
Senior Technician Mould Operation,BSRM Group of Companies,Anywhere in Bangladesh,"5 to 7 year(s)
                                                        






 Deadline: 

4 Sep 2023",5 to 7 year(s),"
4 Sep 2023"
Senior Technician Billet Cutting,BSRM Group of Companies,Anywhere in Bangladesh,"5 to 7 year(s)
                                                        






 Deadline: 

4 Sep 2023",5 to 7 year(s),"
4 Sep 2023"
GM / Head of Projects,LafargeHolcim Bangladesh Limited (LHB),Sunamganj,"At least 20 year(s)
                                                        






 Deadline: 

5 Sep 2023",At least 20 year(s),"
5 Sep 2023"
"AGM/Senior Manager, Finance & Accounts",Labaid Pharmaceuticals Limited,GULSHAN 1,"At least 15 year(s)
                                                        






 Deadline: 

5 Sep 2023",At least 15 year(s),"
5 Sep 2023"
Coordinator - Finance and Administration (Start fund Bangladesh),Save the Children,Dhaka,"At least 5 year(s)
                                                        






 Deadline: 

4 Sep 2023",At least 5 year(s),"
4 Sep 2023"
Communications and Admin Officer,SAKAIMEX LTD,Dhaka,"At least 2 year(s)
                                                        






 Deadline: 

5 Sep 2023",At least 2 year(s),"
5 Sep 2023"
"Executive/ Assistant Executive, (Microbiology) Quality Assurance",NIPRO JMI Company Ltd. (a sister concern of JMI Group),Gazaria,"M.Sc in Microbiology/Geology/Biology/Botany.
B.Sc in Microbiology/Geology/Biology/Botany",0 to 2 year(s),"
5 Sep 2023"
Driver,Radisson Blu Dhaka Water Garden,Anywhere in Bangladesh,SSC,At least 5 year(s),"
5 Sep 2023"
"অপারেটর/সিনিয়র অপারেটর (WTP), Grade-1",Bashundhara Group,সোনারগাঁও,"At least 3 year(s)
                                                        






 Deadline: 

5 Sep 2023",null,t 3 year(s)
"Lecturer, Department of English",East Delta University,Chattogram,4 years (Hons.) and Master`s degree/ 3 years (Hons.) and Master`s degree in concerned ...,Na,"
5 Sep 2023"
Officer/ Sr. Officer- Finance,TALHA GROUP (A strategic alliance with Noman Group),Motijheel,Masters/MBA in Finance.,At least 4 year(s),"
5 Sep 2023"
"Senior Executive/ Assistant Manager, Export (India)",National Fittings & Accessories Ltd.,India,Masters degree in any discipline,2 to 3 year(s),"
5 Sep 2023"
বাবুর্চি / সহকারী বাবুর্চি,"তামান্না ওয়ার্ল্ড ফ্যামিলি পার্ক, ঢাকা",মিরপুর,এইচ এস সি,4 to 8 year(s),"
5 Sep 2023"
সহকারী ম্যানেজার (প্রশাসন),"তামান্না ওয়ার্ল্ড ফ্যামিলি পার্ক, ঢাকা",মিরপুর,যেকোনো বিষয়ে স্নাতক।,4 to 7 year(s),"
5 Sep 2023"
হিসাবরক্ষক,"তামান্না ওয়ার্ল্ড ফ্যামিলি পার্ক, ঢাকা",মিরপুর,"Bachelor of Business Administration (BBA)
প্রয়োজনীয় দক্ষতা: Accounts, Tally ERP9",3 to 5 year(s),"
5 Sep 2023"
"ওয়েটার, তামান্না রেস্টুরেন্ট","Tamanna World Family Park, Dhaka",মিরপুর,"SSC
হোটেল বিষয়ে ডিপ্লোমা অগ্রাধিকার
ট্রেনিং/ ট্রেড কোর্স: Restaurant Waiter",3 to 5 year(s),"
5 Sep 2023"
Assistant Manager- Sales & Marketing,Confidence Group.,Dhaka,B.Sc. or M.Sc. in any engineering discipline from a well-reputed university,5 to 8 year(s),"
4 Sep 2023"
Jonaki Power Co. Ltd.,Anywhere in Bangladesh,"Na
                                                        






 Deadline: 

5 Sep 2023",null,null,null
Senior Lecturer of Tourism and Hospitality Management,World University of Bangladesh,Dhaka,Master of Business Studies (MBS) in THM.Must have a Master Degree in Tourism and Hospitality ...,At least 3 year(s),"
5 Sep 2023"
Associate Professor of Law,World University of Bangladesh,Dhaka,PhD in Law.Must have a research Degree such as PhD or a minimum M. Phil Degree in Law or related ...,At least 10 year(s),"
5 Sep 2023"
Assistant Professor of Law,World University of Bangladesh,Dhaka,PhD in Law.Must have a PhD degree or minimum MPhil degree in Law with 4 years Bachelor degree from ...,At least 5 year(s),"
5 Sep 2023"
Associate Professor of Electrical and Electronic Engineering (Major in Telecommunication),World University of Bangladesh,Dhaka,PhD in EEE.Must have a research Degree such as PhD or a minimum M.Phil. Degree in Electrical and ...,At least 10 year(s),"
5 Sep 2023"
Assistant Professor of Electrical and Electronic Engineering (Major in Telecommunication),World University of Bangladesh,Dhaka,Masters in Engineering (MEngg) in EEE.Must have a Master degree in Electrical and Electronic ...,At least 5 year(s),"
5 Sep 2023"
"Programme Policy Officer, Shock Responsive Social Protection (SC8)",United Nations World Food Programme (WFP),Dhaka,"At least 5 year(s)
                                                        






 Deadline: 

5 Sep 2023",At least 5 year(s),"
5 Sep 2023"
"Officer/Sr. Officer, Accounts",Healthcare Formulations Limited,Anywhere in Bangladesh,"At least 1 year(s)
                                                        






 Deadline: 

5 Sep 2023",At least 1 year(s),"
5 Sep 2023"
"Executive/Senior Executive, Finance & Accounts",Healthcare Pharmaceuticals Ltd.,Dhaka,"At least 2 year(s)
                                                        






 Deadline: 

5 Sep 2023",At least 2 year(s),"
5 Sep 2023"
Territory Executive (Aqua/Fish Feed),ACI Godrej Agrovet Private Ltd.,Anywhere in Bangladesh,B.Sc (Hons.) in Fisheries/B.Sc Ag (Hons)/B.Sc in Marine Science/B.Sc (Hons) in Science background ...,2 to 4 year(s),"
5 Sep 2023"
Head /Dy. Head of Sewing Department (Knit Composite Factory),A reputed knit garments,Anywhere in Bangladesh,Graduate in any dicipline.,15 to 25 year(s),"
4 Sep 2023"
Rollout Management Lead Engineer,Banglalink,Dhaka,B. Sc. in Electrical Engineering,At least 6 year(s),"
4 Sep 2023"
পেশেন্ট কেয়ার এ্যাটেনডেন্ট - পিসিএ (পুরুষ/মহিলা),Pro-Active Medical College & Hospital Ltd.(Narayanganj),নারায়ণগঞ্জ,ন্যূনতম ৮ম শ্রেণী পাশসহ হাসপাতালে সংশ্লিষ্ট পদে ১ বৎসরের বাস্তব অভিজ্ঞতা সম্পন্নকারী অগ্রাধিকার ...,Na,"
4 Sep 2023"
এ্যাসিসট্যান্ট কুক,Pro-Active Medical College & Hospital Ltd.(Narayanganj),নারায়ণগঞ্জ,ন্যূনতম ৮ম শ্রেণী পাশসহ সংশ্লিষ্ট বিষয়ে অভিজ্ঞতা সম্পন্নদের অগ্রাধিকার।,Na,"
4 Sep 2023"
ট্রেইলর মাস্টার সহকারী,Pro-Active Medical College & Hospital Ltd.(Narayanganj),নারায়ণগঞ্জ,ন্যূনতম ৮ম শ্রেণী পাশসহ সংশ্লিষ্ট বিষয়ে ৫ বৎসরের বাস্তব অভিজ্ঞতা সম্পন্ন প্রার্থীদের অগ্রাধিকার ...,Na,"
4 Sep 2023"
ট্রেইলর মাস্টার,Pro-Active Medical College & Hospital Ltd.(Narayanganj),নারায়ণগঞ্জ,ন্যূনতম ৮ম শ্রেণী পাশসহ সংশ্লিষ্ট বিষয়ে ৫ বৎসরের বাস্তব অভিজ্ঞতা সম্পন্ন প্রার্থীদের অগ্রাধিকার ...,Na,"
4 Sep 2023"
জেনারেটর অপারেটর,Pro-Active Medical College & Hospital Ltd.(Narayanganj),নারায়ণগঞ্জ,Trade Course Certificate  অর্জনকারী এবং সংশ্লিষ্ট কাজে অন্ততঃ ১ বৎসরের বাস্তব অভিজ্ঞতাসম্পন্ন ...,Na,"
4 Sep 2023"
ড্রাইভার,Pro-Active Medical College & Hospital Ltd.(Narayanganj),নারায়ণগঞ্জ,ন্যূনতম HSC পাশসহ ২ বৎসরের অভিজ্ঞতাসহ ভারী/হালকা যানবাহন চালানোর বৈধ ড্রাইভিং লাইসেন্সধারী হতে হবে।,Na,"
4 Sep 2023"
ল্যাব এ্যাটেনডেন্ট,Pro-Active Medical College & Hospital Ltd.(Narayanganj),নারায়ণগঞ্জ,ন্যূনতম HSC পাশসহ সংশ্লিষ্ট বিষয়ে ১ বৎসরের বাস্তব অভিজ্ঞতা সম্পন্ন প্রার্থীদের অগ্রাধিকার দেওয়া ...,Na,"
4 Sep 2023"
কম্পিউটার অপারেটর,Pro-Active Medical College & Hospital Ltd.(Narayanganj),নারায়ণগঞ্জ,"যেকোন বিষয়ে নূন্যতম স্নাতক পাশ, কম্পিউটার সাইন্সে ডিপ্লোমাসহ আবশ্যিকভাবে দাপ্তরিক প্রয়োজনে ...",Na,"
4 Sep 2023"
হাউজ কিপিং এ্যাসিসটেন্ট,Pro-Active Medical College & Hospital Ltd.(Narayanganj),নারায়ণগঞ্জ,ন্যূনতম SSC পাশ। হাসপাতাল সংশ্লিষ্ট বিষয়ে ২ বৎসরের বাস্তব অভিজ্ঞতা থাকতে হবে।,Na,"
4 Sep 2023"
হাউজ কিপিং ইনচার্জ,Pro-Active Medical College & Hospital Ltd.(Narayanganj),নারায়ণগঞ্জ,ন্যূনতম HSC পাশ। হাসপাতাল সংশ্লিষ্ট বিষয়ে ২ বৎসরের বাস্তব অভিজ্ঞতা থাকতে হবে।,Na,"
4 Sep 2023"
বিলিং এন্ড ক্যাশ অফিসার,Pro-Active Medical College & Hospital Ltd.(Narayanganj),নারায়ণগঞ্জ,স্নাতক/স্নাতকোত্তর অথবা সমমানের ডিগ্রী সম্পন্নকারী। হাসপাতালে সংশ্লিষ্ট পদে বাস্তব অভিজ্ঞতা থাকা ...,Na,"
4 Sep 2023"
ফার্মাসিস্ট,Pro-Active Medical College & Hospital Ltd.(Narayanganj),নারায়ণগঞ্জ,ন্যূনতম Diploma in Pharmacy ডিগ্রীসহ হাসপাতালের ফার্মেসিতে ন্যূনতম ১ বৎসরের বাস্তব অভিজ্ঞতা থাকতে ...,Na,"
4 Sep 2023"
মেডিকেল টেকনোলজিষ্ট (ফ্লেবোটমিষ্ট),Pro-Active Medical College & Hospital Ltd.(Narayanganj),নারায়ণগঞ্জ,সংশ্লিষ্ট বিষয়ে Diploma ডিগ্রীসহ কমপক্ষে ১ বৎসরের বাস্তব অভিজ্ঞতা থাকতে হবে।,Na,"
4 Sep 2023"
মেডিকেল টেকনোলজিষ্ট (প্যাথলজি),Pro-Active Medical College & Hospital Ltd.(Narayanganj),নারায়ণগঞ্জ,সংশ্লিষ্ট বিষয়ে Diploma ডিগ্রীসহ কমপক্ষে ১ বৎসরের বাস্তব অভিজ্ঞতা থাকতে হবে।,Na,"
4 Sep 2023"
সিনিয়র স্টাফ নার্স (ওটি),Pro-Active Medical College & Hospital Ltd.(Narayanganj),নারায়ণগঞ্জ,Diploma/BSc in Nursing  ডিগ্রী। সংশ্লিষ্ট বিষয়ে অভিজ্ঞতা সম্পন্নদের অগ্রাধিকার।,Na,"
4 Sep 2023"
ষ্টাফ নার্স (মেয়ে),সিলমাউন্ট জেনারেল হসপিটাল,সিলেট,ডিপ্লোমা ইন নার্সিং/নূন্যতম ৬ মাস বাস্তব কাজের অভিজ্ঞতা।,Na,"
5 Sep 2023"
মার্কেটিং এক্সিকিউটিভ,সিলমাউন্ট জেনারেল হসপিটাল,সিলেট,স্নাতক/সমমান,Na,"
5 Sep 2023"
আয়া/ক্লিনার (মহিলা),সিলমাউন্ট জেনারেল হসপিটাল,সিলেট,"Na
                                                        






 Deadline: 

5 Sep 2023",null,Na
এ্যাসিসটেন্ট ম্যানেজার (আইটি),Pro-Active Medical College & Hospital Ltd.(Narayanganj),নারায়ণগঞ্জ,CSE ডিগ্রীসহ সংশ্লিষ্ট বিষয়ে অভিজ্ঞতা সম্পন্নদের অগ্রাধিকার দেওয়া হবে।,Na,"
4 Sep 2023"
মেডিকেল অফিসার (ইমার্জেন্সী এন্ড ক্যাজুয়ালিটি),Pro-Active Medical College & Hospital Ltd.(Narayanganj),নারায়ণগঞ্জ,MBBS ডিগ্রীসহ সংশ্লিষ্ট বিষয়ে অভিজ্ঞতা সম্পন্নদের অগ্রাধিকার দেওয়া হবে।,Na,"
4 Sep 2023"
Engineer (Electrical) in Project,Akij Ceramics Ltd.,Mymensingh,Bachelor of Science (BSc) in Electrical & Electronic Engineering,2 to 4 year(s),"
4 Sep 2023"
Safety Officer in Project,Akij Ceramics Ltd.,Mymensingh,Bachelor degree in any disciplineCourses on Compliance or Safety issues will be an add advantage.,3 to 5 year(s),"
4 Sep 2023"
Field Engineer in Project,Akij Ceramics Limited,Mymensingh,Diploma in Engineering in MechancialDiploma in Electrical is also preferable.,4 to 5 year(s),"
4 Sep 2023"
Sr. Engineer (Planning/BOQ) in Project,Akij Ceramcis Limited,Mymensingh,Bachelor of Science (BSc) in Mechancial,2 to 4 year(s),"
4 Sep 2023"
Monitoring Evaluation Accountability Learning (MEAL) Officer (Female),YPSA (Young Power in Social Action),"Ramu, Ukhia",Bachelor`s degree in social studies/anthropology/psychology/Women and Gender ...,2 to 3 year(s),"
5 Sep 2023"
Territory Manager - Sales (FMCG Division),Meghna Group of Industries.,Anywhere in Bangladesh,Bachelor degree in any discipline,At least 3 year(s),"
4 Sep 2023"
"Asst. Engineer/ Engineer - Plant Inspection & Integrity, BOGCL",Bashundhara Group,South Keraniganj,"B. Sc in Mechanical Engineering from recognized Public / Private University.
Diploma Engineering ...",At least 2 year(s),"
4 Sep 2023"
Customer Care Executive - Buy From Dubai,Buy From Dubai,Dhaka,HSC,2 to 6 year(s),"
5 Sep 2023"
Officer- Sales & Marketing (Fresh LPG),Meghna Group of Industries.,"Khulna, Rangpur",Bachelors in any discipline,Na,"
5 Sep 2023"
Operation Manager - Buy From Dubai,Buy From Dubai,Dhaka,Bachelor degree in any discipline,2 to 5 year(s),"
5 Sep 2023"
Digital Marketing Expert,Dhroobo Consortium Limited,"Dhaka, Adabor","1 to 2 year(s)
                                                        






 Deadline: 

5 Sep 2023",1 to 2 year(s),"
5 Sep 2023"
"Assistant Manager/ Sr. Executive, Product Development (Foods Export)",Advanced Chemical Industries Limited (ACI),Dhaka,M.Sc/B.Sc in Chemistry/Applied Chemistry/Biochemistry/Food Technology/Food Engineering from any ...,At least 3 year(s),"
4 Sep 2023"
Project Manager,American International School Dhaka,Anywhere in Bangladesh,"5 to 7 year(s)
                                                        






 Deadline: 

4 Sep 2023",5 to 7 year(s),"
4 Sep 2023"
A reputed pharmaceutical company,Narayanganj,"MBBS from Dhaka Medical College,
Sir Salimullah Medical College, 
Shaheed Suhrawardy Medical ...",1 to 2 year(s),null,o 2 year(s)
Programme Officer - GJSI,Oxfam,Dhaka,"At least 4 year(s)
                                                        






 Deadline: 

5 Sep 2023",At least 4 year(s),"
5 Sep 2023"
Human Resources Officer - Recruitment,International Rescue Committee (IRC),Cox's Bazar,"At least 2 year(s)
                                                        






 Deadline: 

4 Sep 2023",At least 2 year(s),"
4 Sep 2023"
A Leading FMCG Company,Dhaka,BBA/MBA from any reputed university.,At least 1 year(s),null,t 1 year(s)
"QC Engineer, Bashundhara Ready Mix",Bashundhara Group,Anywhere in Bangladesh,Diploma / B.sc in Civil Engineering,At least 2 year(s),"
4 Sep 2023"
"Mechanical Engineer, Bashundhara Ready Mix",Bashundhara Group,Anywhere in Bangladesh,Diploma/B.sc in Mechanical Engineering,At least 2 year(s),"
4 Sep 2023"
Visualizer,US-Bangla Airlines,Anywhere in Bangladesh,Bachelor`s /Master`s in Fine Arts from any reputed university.,3 to 5 year(s),"
4 Sep 2023"
সেলসম্যান (পুরুষ),Marie Stopes Bangladesh (MSB),সীতাকুন্ড,প্রার্থীকে এসএসসি পাশ হতে হবে।,At least 2 year(s),"
4 Sep 2023"
Executive - Content Writer,US-Bangla Airlines,Anywhere in Bangladesh,Master/Bachelor`s degree in any discipline from any reputed universsity,0 to 3 year(s),"
4 Sep 2023"
"Electrical Engineer, Bashundhara Ready Mix",Bashundhara Group,Anywhere in Bangladesh,Diploma/ B.sc in Electrical Engineering,At least 2 year(s),"
4 Sep 2023"
Monitoring & Evaluation Officer,South Asia Partnership-Bangladesh,Barguna Sadar,Master in Social Science (Degree in Statistics/MIS/IT/Research will be preferred),At least 3 year(s),"
5 Sep 2023"
"Production Engineer, Bashundhara Ready Mix",Bashundhara Group,Anywhere in Bangladesh,Diploma / B.sc in Civil Engineering,At least 2 year(s),"
4 Sep 2023"
IE Executive (Dyeing),AKH Knitting & Dyeing Ltd.,Savar,"Bachelor of Science (BSc) in Textile Engineering from any public or reputed university.
Graduate ...",1 to 3 year(s),"
4 Sep 2023"
HR & Admin Officer,JAAGO Foundation,Dhaka,Bachelor degree in any discipline,2 to 5 year(s),"
5 Sep 2023"
Merchandiser/ Senior Merchandiser for Sweater,A Well Reputed Buying House,Dhaka,B.Sc in textile Engineering/ Apparel Manufacturing from a recognized university,At least 7 year(s),"
5 Sep 2023"
Junior Assistant Manager,Harnest Label Industries Ltd.,Anywhere in Bangladesh,Bachelor of Business Administration (BBA) in Applied ManagementDiploma in Business Studies in ...,8 to 10 year(s),"
5 Sep 2023"
"QC Lab Assistant, Bashundhara Ready Mix",Bashundhara Group,Anywhere in Bangladesh,HSC/ Diploma in civil Engineering/ Bachelor Degree in any discipline.,2 to 5 year(s),"
4 Sep 2023"
সহকারি শিক্ষক (বাংলা),Alikadam Cantonment Public School And College,বান্দরবান,"Na
                                                        






 Deadline: 

5 Sep 2023",null,Na
"Officer - Safety, Health and Environment",Nippon Paint (BD) Pvt. Ltd.,Manikganj,Master of Science (MSc) in Environmental ScienceMaster of Science (MSc) in Chemistry,0 to 2 year(s),"
5 Sep 2023"
Site Engineer,Zubion Development Solutions Limited ( ZDSL),"Uttara, Basundhara RA","At least 5 year(s)
                                                        






 Deadline: 

5 Sep 2023",At least 5 year(s),"
5 Sep 2023"
GM/DGM (Admin & HR),Tanvir Constructions Ltd.,Dhaka,"At least 12 year(s)
                                                        






 Deadline: 

5 Sep 2023",At least 12 year(s),"
5 Sep 2023"
Asst. Manager - Training & Development,Bangladesh Specialized Hospital Ltd.,Dhaka,"At least 5 year(s)
                                                        






 Deadline: 

5 Sep 2023",At least 5 year(s),"
5 Sep 2023"
Community Outreach Officer,International Rescue Committee (IRC),Teknaf,"At least 1 year(s)
                                                        






 Deadline: 

5 Sep 2023",At least 1 year(s),"
5 Sep 2023"
Manager (Admin) for Textile Projects at Narayangonj,S. Alam Group,Narayanganj,"At least 10 year(s)
                                                        






 Deadline: 

5 Sep 2023",At least 10 year(s),"
5 Sep 2023"
"Deputy Manager/Manager, B2B Sales-Flavor & Food Ingredients",Maritime Entrepreneurs Pte. Ltd.,Dhaka,Bachelor degree in any disciplineGraduating in Food Technology will provide an advantage,At least 8 year(s),"
5 Sep 2023"
Assistant Manager/Deputy Manager - Corporate Sales (Meghna Pulp and Paper Mills Ltd.),Meghna Group of Industries.,Anywhere in Bangladesh,Master`s in any Discipline.,At least 6 year(s),"
5 Sep 2023"
Visa Processing Counselor & Tour Package Operator,Shopno Tour,Gulshan,Bachelor degree in any disciplineBachelor`s degree,At least 2 year(s),"
5 Sep 2023"
মার্কেটিং ও ভিসা এক্সিকিউটিভ,Shopno Tour,গুলশান,Bachelor of Commerce (B.Com) in Service MarketingBachelor degree in any disciplineএম কম/ এম বি এ/ ...,At least 2 year(s),"
5 Sep 2023"
Air Ticketing & Reservation Executive,Shopno Tour,Gulshan,"Bachelor degree in any disciplineBachelor degree in any discipline
Travel & Tourism ...",2 to 6 year(s),"
5 Sep 2023"
Sales Associate (Marketing & Sales),Crown Cement PLC,Anywhere in Bangladesh,Bachelor degree in any discipline,At most 2 year(s),"
5 Sep 2023"
Customer Care Officer or  Reception In- charge,DHANMONDI GENERAL AND KIDNEY HOSPITAL LTD.,PanthaPath,Bachelor degree in any disciplineBachelor degree in any discipline,1 to 3 year(s),"
4 Sep 2023"
"Lecturer, Graduate Nursing, CRP Nursing College (Ad hoc Basis)",CRP,Savar,B.Sc. in Nursing  with Postgraduate Degree in Health Science related discipline from any government ...,At least 3 year(s),"
4 Sep 2023"
"Engineer, Electrical",Akij Food & Beverage Ltd.,Dhamrai,"Bachelor of Science (BSc) in EEE from public or any reputed university.
BUET, KUET, CUET, RUET & ...",At most 3 year(s),"
5 Sep 2023"
"AGM/DGM, Sales (2 Wheeler)",TVS Auto Bangladesh Ltd.,Dhaka,Bachelor degree in any disciplinePreferably an M.B.A. in any discipline.,At least 10 year(s),"
5 Sep 2023"
Deputy Manager (IT) - Head Office,AUKO-TEX GROUP,Anywhere in Bangladesh,Bachelor of Science (BSc) in Computer Science & EngineeringMaster of Science (MSc) in Computer ...,At least 8 year(s),"
4 Sep 2023"
Area Sales Manager (Hygiene Products),Meghna Group of Industries.,Anywhere in Bangladesh,Masters in any discipline.,At least 7 year(s),"
4 Sep 2023"
DGM-Structural Design (RCC),Meghna Group of Industries.,Uttara,BSc. in Civil Engineering,At least 15 year(s),"
4 Sep 2023"
R.M.O/ Residential Surgeon (OBS&GYN - Female),RDC Maa O Shisu Hospital,Laksmipur,"MBBS, BMDC Registration and experience in USG.",At least 1 year(s),"
5 Sep 2023"
Lecturer in Physics,World University of Bangladesh,Dhaka,Master of Science (MSc) in Physics.Must have a Master degree in Physics with 4 years Bachelor ...,At least 3 year(s),"
5 Sep 2023"
Lecturer of Mathematics,World University of Bangladesh,Dhaka,Master of Science (MSc) in Mathematics.Must have a Master degree in Mathematics with 4 years ...,At least 3 year(s),"
5 Sep 2023"
Pacific Casuals Ltd.,"Chattogram, Chattogram Sadar",Master of Business Administration (MBA) in AccountsCA(C.C),1 to 2 year(s),null,o 2 year(s)
Entry Clearance Assistants,British High Commission,Dhaka,Na,null,Na
"Executive, Front Desk",Vivek Real Estate Ltd.,Dhaka,"2 to 3 year(s)
                                                        






 Deadline: 

5 Sep 2023",2 to 3 year(s),"
5 Sep 2023"
Manager - Supply Chain & Demand Planning,Samsung Electronics,Dhaka,"At least 7 year(s)
                                                        






 Deadline: 

4 Sep 2023",At least 7 year(s),"
4 Sep 2023"
"Asst. Officer/ Officer, HR",A reputed FMCG Company,Dhaka,Master of Business Administration (MBA) in Human Resource Management,At most 3 year(s),"
4 Sep 2023"
Sr. Software Engineer- . NET ( Full Stack),Al Fatah Publications,Dhaka,Bachelor of Science (BSc) in CSE,2 to 5 year(s),"
5 Sep 2023"
Senior Executive (Audit & Surveillance- Dyeing),Sisal Composite Ltd.,Anywhere in Bangladesh,Bachelor of Science (BSc)Bachelor of Science (BSc) / Diploma in Textile Engineering,8 to 10 year(s),"
5 Sep 2023"
Admin Officer,Uttaran,Tala,"Master`s/ Graduate degree in Business Administration/ Public Administration/ IT, or related ...",At least 3 year(s),"
5 Sep 2023"
Senior Executive (Audit & Surveillance- Knitting),Sisal Composite Ltd.,"Gazipur, Ashulia, Ashulia City",Bachelor of Science (BSc)•	Bachelor of Science (BSc) / Diploma in Textile Engineering,8 to 10 year(s),"
5 Sep 2023"
Deputy Manager - Quality Assurance,Sisal Composite Ltd.,Anywhere in Bangladesh,Masters degree in any discipline,10 to 12 year(s),"
5 Sep 2023"
Furniture Designer,Executive Woodworks Limited,Gazipur,Bachelor of Architecture (B.Arch),0 to 4 year(s),"
5 Sep 2023"
Supply Chain Executive,Ahsania Mission Cancer & General Hospital (AMCGH),Uttara Sector 10,Masters degree in any discipline,At least 2 year(s),"
4 Sep 2023"
Civil Engineer,Ahsania Mission Cancer & General Hospital (AMCGH),Uttara Sector 10,Diploma in CivilBachelor of Science (BSc) in Civil Engineering,5 to 7 year(s),"
4 Sep 2023"
Reservation Executive,Hotel Sea World Cox`s Bazar,Cox's Bazar Sadar,HSCHotel Management Diploma,At least 4 year(s),"
5 Sep 2023"
Front Office Supervisor,Hotel Sea World Cox`s Bazar,Cox's Bazar Sadar,Graduate Or Experience in a hotel or a related field preferred,At least 5 year(s),"
5 Sep 2023"
Executive Chef,Hotel Sea World Cox`s Bazar,Cox's Bazar Sadar,Graduate or related certificate & Hotel Management Diploma,At least 8 year(s),"
5 Sep 2023"
F&B Manager,Hotel Sea World Cox`s Bazar,Cox's Bazar Sadar,Graduate & Hotel Management Diploma,At least 8 year(s),"
5 Sep 2023"
Asst. Manager/Manager (HR Department),A Fast-Growing Insurance Company in Bangladesh,Anywhere in Bangladesh,Masters degree in any disciplineMasters/MBA from any reputed university or any other similar ...,At least 3 year(s),"
5 Sep 2023"
Housekeeping Supervisor,Hotel Sea World Cox`s Bazar,Cox's Bazar Sadar,HSC,At least 5 year(s),"
5 Sep 2023"
Executive/ Senior Executive - IPE (100% Export Oriented Woven Garments Manufacturer),AZIM  GROUP,Savar,B.sc Engineering in Industrial & Production Engineering (IPE) from any reputed public university ...,3 to 5 year(s),"
5 Sep 2023"
Machine Operator/ Junior Machine Operator (Injectable Vial Filling Line) Production.,The IBN SINA Pharmaceutical Industry PLC,Gazipur,Minimum HSC / Diploma in Electrical or Mechanical Technology / Equivalent.,4 to 5 year(s),"
4 Sep 2023"
Asst. Manager - HR & Admin,Lovello,Bhaluka,Master of Business Administration (MBA) in Human Resource ManagementMaster of Commerce (MCom) in ...,6 to 8 year(s),"
5 Sep 2023"
Regional Support Manager,British High Commission,Dhaka,Na,null,Na
A Reputed Ready-made Garments Corporate Office,"Dhaka, Narayanganj","Master of Business Administration (MBA) in HRMaster degree from reputed Public University  
PGD ...",At least 12 year(s),null, 12 year(s)
AGM (QA-Dyeing Finishing),A 100% Reputed Knit Garments Factory,Kaliakair,Graduate from any discipline,At least 10 year(s),"
5 Sep 2023"
"AGM - HR, Admin & Compliance",Giant Group,Gazipur,Master of Business Administration (MBA) in HRM,10 to 12 year(s),"
5 Sep 2023"
Manager/ Deputy Manager (Corporate/ Institutional Sales),Erfan Super Foods Ltd.,Dhaka,"Masters degree in any disciplineMBA / Bachelor or BBA in any Discipline.
Major in Marketing will ...",At least 8 year(s),"
5 Sep 2023"
Livelihood Officer,Handicap International (humanity & Inclusion) in Bangladesh,Teknaf,"Bachelor`s Degree in Agriculture, Social Science, Economics, Rural Development, Veterinary Science, ...",At least 2 year(s),"
5 Sep 2023"
"Store Assistant (Store), BCIL",Bashundhara Group,Mirsharai,HSC/Bachelor degree from any discipline,0 to 3 year(s),"
5 Sep 2023"
Supervisor - Housekeeping,A Reputed Group of Company,Narayanganj,Minimum Graduation in any discipline,5 to 7 year(s),"
4 Sep 2023"
Fabric Planning Executive,Giant Group,Gazipur,Bachelor degree in any disciplineBachelor of Science (BSc) in Textile Engineering,2 to 4 year(s),"
5 Sep 2023"
Senior Project Officer - MEAL,Action Contre la Faim (ACF),Dhaka,"Bachelor degree (or higher) in Statistics, Demographics or related areas
Knowledge in MEAL systems ...",At least 3 year(s),"
5 Sep 2023"
"Officer, Quality Control",SMC Enterprise Ltd.,Bhaluka,M.Pharm/ M.Sc in Chemistry/ Applied Chemistry/ Bio Chemistry/ Food Technology,At least 1 year(s),"
5 Sep 2023"
স্টোর এ্যাসিসট্যান্ট,SMC Enterprise Ltd.,ঢাকা,এইচএসসি সমমান,At least 3 year(s),"
5 Sep 2023"
ল্যাব ক্লিনার,SMC Enterprise Ltd.,ভালুকা,ন্যূনতম অষ্টম শ্রেণী,Na,"
5 Sep 2023"
Head of Direct Sales (Cluster 1),Evercare Hospital Dhaka,Anywhere in Bangladesh,"At least 10 year(s)
                                                        






 Deadline: 

5 Sep 2023",At least 10 year(s),"
5 Sep 2023"
A&Z Education Consultancy Ltd,PanthaPath,Bachelor degree in any discipline in Bachelor of Business administrationCandidate must be ...,2 to 3 year(s),null,o 3 year(s)
Education Project Manager Bangladesh,"Norwegian Refugee Council, Bangladesh",Cox's Bazar,"Na
                                                        






 Deadline: 

5 Sep 2023",Na,"
5 Sep 2023"
"Manager - Marketing, Madina Developments Ltd.- Chattogram.",Madina Group,Chattogram Sadar,"8 to 10 year(s)
                                                        






 Deadline: 

5 Sep 2023",8 to 10 year(s),"
5 Sep 2023"
"Executive, Front Desk, Madina Group, Chattogram Office.",Madina Group,Agrabad,"1 to 2 year(s)
                                                        






 Deadline: 

5 Sep 2023",1 to 2 year(s),"
5 Sep 2023"
Techno Green Carbon Ltd.,We are seeking a dynamic and experienced Sales Executive with an Electrical and Electronic Engineering (EEE) background to drive sales of solar system panels. The ideal candidate should possess a deep understanding of solar technology.,Anywhere in Bangladesh,"At least 2 year(s)
                                                        






 Deadline: 

5 Sep 2023",At least 2 year(s),"
5 Sep 2023"
Training Manager,bdCalling IT Ltd,"Rampura, Banasree","1 to 3 year(s)
                                                        






 Deadline: 

5 Sep 2023",1 to 3 year(s),"
5 Sep 2023"
Subawards Manager,Chemonics International,Dhaka,"7 to 10 year(s)
                                                        






 Deadline: 

4 Sep 2023",7 to 10 year(s),"
4 Sep 2023"
HR Specialist,Swisscontact Bangladesh,Dhaka,"At least 4 year(s)
                                                        






 Deadline: 

5 Sep 2023",At least 4 year(s),"
5 Sep 2023"
Manager - Fabric Marketing,Giant Group,Gazipur,Bachelor of Science (BSc) in Textile TechnologyBachelor of Commerce (BCom) in Marketing,10 to 12 year(s),"
5 Sep 2023"
Senior Executive/ Assistant Manager- Dyeing Monitoring (Sedomaster),100% Export Oriented Knit Composite Industry.,Gazipur,Bachelor of Science (BSc) in Textile Technology,8 to 10 year(s),"
5 Sep 2023"
Solution Architect/ Sr. Solution Architect Pre-Sales & Partner Management.,BRACNet Limited,Dhaka,BSC in CSE/EEE/ETE/ICT.,3 to 5 year(s),"
5 Sep 2023"
বিল্ডিং ম্যানেজার / কেয়ারটেকার,Fountain Garments,গুলশান ১,"3 to 5 year(s)
                                                        






 Deadline: 

5 Sep 2023",null,o 5 year(s)
Motivator,Youngone,Anywhere in Bangladesh,Bachelor degree in any disciplineDegree Pass,Na,"
4 Sep 2023"
Customer Relation Executive,Walton Hi-Tech Industries PLC.,"Chattogram, Habiganj, Jashore, Khulna, Mymensingh, Patuakhali",Bachelor`s degree in any discipline.,0 to 3 year(s),"
5 Sep 2023"
Call Center Executive,Walton Hi-Tech Industries PLC.,Mirpur,Diploma in Engineering/Graduation in any discipline from any reputed institute.,0 to 3 year(s),"
5 Sep 2023"
Sales Executive (Tele Sales),Nitsol Bangladesh Ltd.,Banani,Graduate/ Diploma in any discipline.,1 to 2 year(s),"
4 Sep 2023"
"Secretary, Chancellery",University Of Liberal Arts Bangladesh,Dhaka,Graduate from any discipline from any reputed institution,At least 4 year(s),"
5 Sep 2023"
Assistant Manager / Manager (Sales & Marketing),Purbachal Smart City Ltd.,Banani,Minimum Graduate,3 to 7 year(s),"
4 Sep 2023"
Executive - Internal Audit,Mohammadi Group,Anywhere in Bangladesh,Bachelor of Commerce (BCom) in Accounting,2 to 3 year(s),"
5 Sep 2023"
DGM - Construction,DBL GROUP,Dhaka,"Bachelor of Science (BSc) in Civil EngineeringB.Sc. Engg. (Civil), from Public Universities will ...",At least 18 year(s),"
5 Sep 2023"
"Manager, Operations (SQ Celsius Limited)",SQ Group,Anywhere in Bangladesh,Bachelor degree in any discipline,At least 8 year(s),"
5 Sep 2023"
"Manager, QMS (SQ Celsius Limited)",SQ Group,Anywhere in Bangladesh,Masters degree in any discipline,At least 8 year(s),"
5 Sep 2023"
"Assistant Manager, Marketing & Merchandising (SQ Celsius Limited)",SQ Group,Anywhere in Bangladesh,Bachelor degree in any discipline,At least 5 year(s),"
5 Sep 2023"
Civic Engagement Specialist,JAAGO Foundation Trust,Dhaka,Bachelor degree in any discipline,2 to 3 year(s),"
5 Sep 2023"
Gender & Inclusion Specialist,JAAGO Foundation Trust,Dhaka,Master of Development Studies (MDS),10 to 14 year(s),"
5 Sep 2023"
Lecturer/Assistant Professor.,Chattogram BGMEA University of Fashion & Technology  (CBUFT),Chattogram Sadar,"Na
                                                        






 Deadline: 

5 Sep 2023",Na,"
5 Sep 2023"
Experienced UI UX Designer,Bitchip Digital,Uttara Sector 3,"At least 2 year(s)
                                                        






 Deadline: 

5 Sep 2023",At least 2 year(s),"
5 Sep 2023"
Asst Manager/Manager (Accounts & Finance),Group Reedisha,Tejgaon Industrial Area,"At least 8 year(s)
                                                        






 Deadline: 

4 Sep 2023",At least 8 year(s),"
4 Sep 2023"
Directional Driller/ Drilling Fluid Specialist Cross Train,Schlumberger SEACO Inc.,Dhaka,"Na
                                                        






 Deadline: 

5 Sep 2023",null,Na
"Asst. Manager /Deputy Manager (Transport Management), Admin",BRACNet Limited,Dhaka,"Bachelor`s degree/ BBA/ MBA/ Masters in any relevant field from a reputed institution.
	B.Sc in ...",At least 5 year(s),"
5 Sep 2023"
Assistant Restaurant Manager,Dhaka Restaurant Concepts Ltd,Dhaka,Diploma in Hotel Management in Hospitality Management,2 to 5 year(s),"
5 Sep 2023"
Head of Plant Operations (Ready Mix Concrete),A Well Reputed Ready Mix Concrete Company,Dhaka,B. Sc in Civil/Mechanical Engineering,At least 15 year(s),"
5 Sep 2023"
Project Manager - Civil Engineering,A Well Reputed Real Estate Company,Dhaka,Bachelor of Science (B. Sc) in Civil Engineering,At least 12 year(s),"
5 Sep 2023"
Executive (Sales & Marketing),Million real estate and developers ltd,Dhaka,Bachelor of Commerce (Pass)Graduate in any discipline.,At least 3 year(s),"
5 Sep 2023"
Manager (Sales & Marketing),Million real estate and developers ltd,Dhaka,"Masters degree in any disciplineBachelor of Business Administration (BBA, MBA).
Minimum Bachelor ...",At least 5 year(s),"
5 Sep 2023"
শাখা ব্যবস্থাপক,উত্তরা ডেভেলপমেন্ট প্রোগ্রাম সোসাইটি (ইউডিপিএস),"চট্টগ্রাম, ঢাকা, রাজশাহী, রংপুর",নূন্যতম স্নাতক/ স্নাতকোত্তর,At least 2 year(s),"
5 Sep 2023"
ফিল্ড অফিসার,Uttara Development Program Society (UDPS),বাংলাদেশের যেকোনো স্থানে,"Na
                                                        






 Deadline: 

5 Sep 2023",null,Na
Head of Customer Relations Department,A Well Reputed Real Estate Company,Dhaka,Bachelor of Science (BSc) in Civil Engineering,At least 15 year(s),"
5 Sep 2023"
DR. M.A. RAHIM INTERNATIONAL SCHOOL,Barishal,"Art Teacher (Preferably any degree in Art)
Arabic Language Teacher (Preferably Degree in Arabic ...",At least 5 year(s),null,t 5 year(s)
DR. M.A. RAHIM INTERNATIONAL SCHOOL,Barishal,Master`s in any subject.,At least 5 year(s),null,t 5 year(s)
"Manager, Human Resources",Sumash Tech Limited,PanthaPath,"5 to 9 year(s)
                                                        






 Deadline: 

5 Sep 2023",5 to 9 year(s),"
5 Sep 2023"
Prefix Fashions Limited,Gazipur,Diploma/HSC/A-Level/SSC/O-Level/Equivalent (Educational qualification may be relaxed in case of ...,6 to 8 year(s),null,o 8 year(s)
"Counsellor/Senior Counsellor - Canada, Australia, USA & UK",Study Solutions,Sylhet Sadar,"At least 1 year(s)
                                                        






 Deadline: 

5 Sep 2023",At least 1 year(s),"
5 Sep 2023"
Group of Company,Dhaka,Bachelor degree in any discipline,2 to 6 year(s),null,o 6 year(s)
Field Animator,PARI Development Trust,Bakshiganj,"At least 3 year(s)
                                                        






 Deadline: 

5 Sep 2023",At least 3 year(s),"
5 Sep 2023"
Program Officer - Livelihood,PARI Development Trust,Bakshiganj,"At least 3 year(s)
                                                        






 Deadline: 

5 Sep 2023",At least 3 year(s),"
5 Sep 2023"
Program Officer - Protection,PARI Development Trust,Bakshiganj,"At least 3 year(s)
                                                        






 Deadline: 

5 Sep 2023",At least 3 year(s),"
5 Sep 2023"
Program Officer - Health,PARI Development Trust,Bakshiganj,"At least 3 year(s)
                                                        






 Deadline: 

5 Sep 2023",At least 3 year(s),"
5 Sep 2023"
Associate Professor,Atish Dipankar University of Science and Technology,Uttara,PhD or equivalent degree with at least 2 (two) 1st class/division/Grade A. At least 1 (one) 1st ...,At least 7 year(s),"
5 Sep 2023"
Assistant Professor,Atish Dipankar University of Science and Technology,Uttara,PhD or equivalent degree with at least 2 (two) 1st class/division/Grade A. At least 1 (one) 1st ...,At least 3 year(s),"
5 Sep 2023"
Lecturer,Atish Dipankar University of Science and Technology,Uttara,4-years Bachelor degree with Master`s. At least 3 (three) 1st class/division/Grade A but For ...,Na,"
5 Sep 2023"
Manager/ Sr. Manager- Admin & HR,Fountain Garments,Savar,"Master of Business Management (MBM)/ Masters of English.
	PGD PM/ PGDHRM/ MBA in HRM/LLB/LLM ...",8 to 10 year(s),"
5 Sep 2023"
Sr. Staff Nurse/ Staff Nurse,Asgar Ali Hospital (A Concern of City Group),Dhaka,Diploma in Nursing in Science and MidwiferyBSc in Nursing Science and Midwifery,2 to 5 year(s),"
5 Sep 2023"
AGM-Knit Fabrics Finishing,Norban Comtex Limited,Kashimpur,Minimum Graduation in any discipline (Educational qualification may be relaxed for experienced ...,At least 15 year(s),"
5 Sep 2023"
DPA (Designated Person Ashore)/ CSO (Company Security Officer),Meghna Group of Industries.,Chattogram,Master Mariner; Holding Class-I COC from recognized authority.,At least 15 year(s),"
5 Sep 2023"
Counselor & Visa Consultant,M/S R.S OVERSEAS INTERNATIONAL LTD,Purana Paltan,Masters degree in any disciplineBachelor degree in any discipline,0 to 1 year(s),"
5 Sep 2023"
Sr. Officer - IE,Giant Group,Gazipur,Bachelor of Science (BSc) in TextileMaster of Science (MSc) in Textile EngineeringBachelor of ...,3 to 5 year(s),"
5 Sep 2023"
Accounts Officer,Hanoch Hook & Eye Fastener(BD) Co. Ltd.,Cumilla Adarsha Sadar,Bachelor of Business Studies (BBS) in AccountingBachelor of Business Administration (BBA) in ...,At least 2 year(s),"
5 Sep 2023"
Manager - Industrial Engineering & Planning,Giant Group,Gazipur,Bachelor of Science (BSc) in Industrial and production engineeringBachelor of Science (BSc) in ...,7 to 10 year(s),"
5 Sep 2023"
Restaurant Manager,HANDI RESTAURANT,Cox's Bazar,Bachelor degree in any discipline,8 to 10 year(s),"
5 Sep 2023"
Production Manager,Reputed  Garment Accessories Company,Narayanganj,Bachelor of Arts (BA)Bachelor degree in any discipline,8 to 10 year(s),"
5 Sep 2023"
Technical Manager,Lakshmi Machine Works,Dhaka,"At least 5 year(s)
                                                        






 Deadline: 

4 Sep 2023",null,t 5 year(s)
Sr. Executive - (Trims & Accessories)-Warehouse,South East Textile (Pvt.) Ltd. (Interstoff Group),Mirzapur,Master of Business Administration (MBA)At least 03 to 05 years & good knowledge & skills in MS ...,3 to 5 year(s),"
5 Sep 2023"
"Territory Officer, CEAT Tire (2 Wheeler)",ACI Motors Limited,Anywhere in Bangladesh,Bachelor degree in any discipline,2 to 3 year(s),"
5 Sep 2023"
Software Programmer,Swosti Limited,Dhaka,"Na
                                                        






 Deadline: 

5 Sep 2023",Na,"
5 Sep 2023"
Senior Digital Marketing Specialist,Bitchip Digital,Uttara Sector 3,"At least 3 year(s)
                                                        






 Deadline: 

5 Sep 2023",At least 3 year(s),"
5 Sep 2023"
"Marketing Service Executive, Yamaha",ACI Motors Limited,Dhaka,"0 to 2 year(s)
                                                        






 Deadline: 

5 Sep 2023",0 to 2 year(s),"
5 Sep 2023"
Upazila TA Coordinator,FHI 360,Ulipur,"4 to 5 year(s)
                                                        






 Deadline: 

5 Sep 2023",4 to 5 year(s),"
5 Sep 2023"
Student Counselor,Playpen School,Dhaka,Master of Science (MSc) in PsychologyMaster of Science (MSc) in Public HealthMaster of Science ...,1 to 5 year(s),"
5 Sep 2023"
Lecturer / Assistant Teacher,Udayan Ideal School & College,Badda,Bachelor degree in any disciplineMasters degree in any disciplinePost Graduate Degree with ...,Na,"
5 Sep 2023"
Pattern Master (CAD),GH Haewae Co. Ltd.,Anywhere in Bangladesh,HSCBachelor degree in any discipline,At least 5 year(s),"
5 Sep 2023"
"Sr. Executive, Compliance (Head of Dept. for Sister Concern)",GH Haewae Co. Ltd.,Anywhere in Bangladesh,Masters degree in any disciplinePGDHRM / PGD in Social Compliance / LLB is preferable. Conversant ...,At least 7 year(s),"
5 Sep 2023"
Corporate Sales Executive,Rely International BD,Dhaka,Bachelor degree in any discipline,0 to 1 year(s),"
5 Sep 2023"
ম্যানেজার,JAHID ACCESSORIES CO.,কেরানীগঞ্জ,"2 to 3 year(s)
                                                        






 Deadline: 

5 Sep 2023",null,o 3 year(s)
Jr. Executive/ Executive - HR,Aman Knittings Limited,"Savar, Ashulia",Bachelor of Business Administration (BBA)Masters degree in any discipline,0 to 4 year(s),"
4 Sep 2023"
"Executive, Fire safety (Dept. Head for Sister Factory)",GH Haewae Co. Ltd.,Anywhere in Bangladesh,"3 to 5 year(s)
                                                        






 Deadline: 

5 Sep 2023",null,o 5 year(s)
Senior Teacher,American Standard International School,GULSHAN 2,"Master of Science (MSc) in Physics, Master of Science (MSc) in Biology, Master of Science (MSc) in ...",At least 10 year(s),"
5 Sep 2023"
ড্রাইভার,Nadia Furniture Limited,বাংলাদেশের যেকোনো স্থানে,"10 to 15 year(s)
                                                        






 Deadline: 

5 Sep 2023",null, 15 year(s)
Customer Service Representative - Female,Skyline International BD Ltd,DOHS Baridhara,Bachelor of Business Administration (BBA),2 to 3 year(s),"
4 Sep 2023"
Call Center Executive - Night Shift (Only Male),INNOV Tech,Tongi,"Education qualifications don`t matter if you know how to hold a conversation in English.
We will ...",At least 1 year(s),"
5 Sep 2023"
Management Trainee Officer (MTO),Well Reputed Trims & Accessories Company,Anywhere in Bangladesh,Bachelor degree in any discipline,Na,"
5 Sep 2023"
Call Center Executive,Face 2,Mirpur,HSCBachelor degree in any discipline,0 to 1 year(s),"
5 Sep 2023"
Social Media Marketing Executive,National Energy Services Limited,Dhaka,Bachelor in any discipline from a reputed institute.,1 to 2 year(s),"
5 Sep 2023"
Asst. Manager - Sales,KDS Accessories,"Chattogram, Dhaka, Gazipur","At least 5 year(s)
                                                        






 Deadline: 

5 Sep 2023",At least 5 year(s),"
5 Sep 2023"
"Assistant Manager, Revenue & Assurance",Agni Systems Limited,GULSHAN 1,Bachelor of Business Administration (BBA) in AccountingMaster of Business Administration (MBA) in ...,7 to 10 year(s),"
5 Sep 2023"
Quality Controller,MOTHER APPAREL MANUFACTURE LIMITED,Gazipur,"2 to 5 year(s)
                                                        






 Deadline: 

5 Sep 2023",2 to 5 year(s),"
5 Sep 2023"
Business Development (Sales & Marketing) - Deputy Manager/Manager,Radisson Digital Technologies Ltd.,Kawran Bazar,Master of Business Administration (MBA) in MarketingMasters in any discipline.,At least 5 year(s),"
5 Sep 2023"
Sr. Executive/ Asst. Manager - Service Warranty,Panna Group,United Arab Emirates,"At least 5 year(s)
                                                        






 Deadline: 

4 Sep 2023",At least 5 year(s),"
4 Sep 2023"
Assistant Manager/ Manager (Dyeing Finishing Production),A Reputed Knit Composite Garments,Gazipur,Minimum Graduation with good academic background. Textile Engineers are encouraged to apply.,At least 5 year(s),"
5 Sep 2023"
Assistant Manager/ Manager (Dyeing Production),A Reputed Knit Composite Garments,Gazipur,Minimum Graduation with good academic background. Textile Engineers are encouraged to apply.,At least 5 year(s),"
5 Sep 2023"
Jr. Officer/Officer- Electrical Engineer (BSC/Diploma),Quality Feeds Limited,Anywhere in Bangladesh,Diploma in Electrical in BSCDiploma in Electrical Engineering from any reputed ...,1 to 4 year(s),"
5 Sep 2023"
Telesales Executive,NR Business Solution Ltd.,Mirpur,"O LevelO level/ A level/ HSC/ Graduate from any background.
Freshers or under-graduation enrolled ...",Na,"
5 Sep 2023"
Senior Merchandiser/ Merchandiser,DBL GROUP,Gazipur,"B.Sc in Textile Engineering, major in Garment/ Apparel Manufacturing Technology from KUET/ BUTex/ ...",At least 3 year(s),"
5 Sep 2023"
Medical Technologist (X-Ray) - Radiology & Imaging,Amishapara Central Hospital Limited,Sonaimuri,Diploma in Medical Technology in Radiology and ImagingBSC in Radiology Technology,2 to 5 year(s),"
5 Sep 2023"
PHP Developer (Urgent Recruitment),IBCS-PRIMAX Software (Bangladesh) Ltd.,Lalmatia,Bachelor degree in any discipline,At least 2 year(s),"
5 Sep 2023"
গ্রাফিক্স ডিজাইনার,Prince Bazar Ltd.,মিরপুর,Diploma in Graphics design/ graduation in any discipline,2 to 4 year(s),"
5 Sep 2023"
Customer Service Agent,Babuland Limited,Banani,Graduate or Running Student form any discipline.,0 to 1 year(s),"
5 Sep 2023"
সহকারী শিক্ষক : (প্রাথমিক শাখা),Alikadam Cantonment Public School And College,বান্দরবান,"Na
                                                        






 Deadline: 

5 Sep 2023",null,Na
সহকারি শিক্ষক (বাংলা),Alikadam Cantonment Public School And College,বান্দরবান,"Na
                                                        






 Deadline: 

5 Sep 2023",null,Na
সহকারী শিক্ষক (গণিত),Alikadam Cantonment Public School And College,বান্দরবান,"Na
                                                        






 Deadline: 

5 Sep 2023",null,Na
Senior Executive/ Assistant Manager (Marketing and Sales),Dreesh Architects,Anywhere in Bangladesh,Bachelor of Arts (BA) in markettingBachelor`s Degree in Business and Marketing or any other ...,Na,"
5 Sep 2023"
"Executive, Sales & Marketing",WW Tech Ltd.,Dhaka,Bachelor degree in any discipline,At least 2 year(s),"
5 Sep 2023"
সিভিল ইন্সট্রাক্টর,CTC POLYTECHNIC INSTITUTE,চট্রগ্রাম সদর,"At least 2 year(s)
                                                        






 Deadline: 

5 Sep 2023",null,t 2 year(s)
অ্যাসিস্ট্যান্ট প্রফেসর,CTC POLYTECHNIC INSTITUTE,চট্রগ্রাম সদর,"At least 10 year(s)
                                                        






 Deadline: 

5 Sep 2023",null, 10 year(s)
Deputy Manager/ Manager - HR & Admin,Radisson Digital Technologies Ltd.,Kawran Bazar,Master of Business Administration (MBA) in HRMBachelor of Business Administration (BBA) in ...,5 to 10 year(s),"
5 Sep 2023"
Business Development (Sales & Marketing) - Deputy Manager/Manager,Radisson Digital Technologies Ltd.,Kawran Bazar,Master of Business Administration (MBA) in MarketingMasters in any discipline.Graduation from ...,At least 5 year(s),"
5 Sep 2023"
Personal Secretary to Managing Director,Radisson Digital Technologies Ltd.,Kawran Bazar,"Bachelor degree in any disciplineSkills Required: MS Word/ Excel/ PowerPoint/ OneNote, ...",5 to 10 year(s),"
5 Sep 2023"
Asst. Manager/Deputy Manager,BANALATA LANDMARK LTD,Dhaka,Bachelor degree in any discipline,2 to 6 year(s),"
5 Sep 2023"
অফিস সহায়ক,CTC POLYTECHNIC INSTITUTE,চট্রগ্রাম সদর,"Na
                                                        






 Deadline: 

5 Sep 2023",null,Na
প্রভাষক (ইলেকট্রিক্যাল),CTC POLYTECHNIC INSTITUTE,চট্রগ্রাম সদর,"At least 2 year(s)
                                                        






 Deadline: 

5 Sep 2023",null,t 2 year(s)
Dyeing Operator,ZHONGXIN TEXTILE (BD) LTD.,Anywhere in Bangladesh,JSC8 pass,At least 2 year(s),"
5 Sep 2023"
Dyeing Technician,ZHONGXIN TEXTILE (BD) LTD.,Gazipur Sadar,SSC/HSC/ Diploma,At least 2 year(s),"
5 Sep 2023"
Executive- Sales & Marketing,ZHONGXIN TEXTILE (BD) LTD.,Gazipur Sadar,Bachelor degree in any discipline,At least 2 year(s),"
5 Sep 2023"
Jr. Implementation & Support Engineer,CIBL Technology Consultants Limited,Anywhere in Bangladesh,B.Sc. / Diploma in CSE/EEE/ECE/IT from any reputed Institute. (Educational qualification is ...,At least 1 year(s),"
5 Sep 2023"
ভি আই পি (সিকিউরিটি গার্ড),আলফা সাইন সিকিউরিটি সার্ভিস লিমিটেড,ঢাকা,"শিক্ষাগত যোগ্যতার সার্টিফিকেট(ফটোকপি)।
জাতীয় পরিচয়পত্র/জন্ম নিবন্ধন। 
২ কপি পাসপোর্ট সাইজের ...",Na,"
5 Sep 2023"
PHP Laravel Developer(Office & Remote),Isbah IT,Dhaka,Bachelor of Computer Application (BCA)Diploma in ComputerBachelor of Science (BSc)Bachelor`s ...,1 to 2 year(s),"
5 Sep 2023"
সহকারী শিক্ষক (হিসাববিজ্ঞান ও ইসলাম শিক্ষা),হলি ক্রিসেন্ট স্কুল,আশুলিয়া,"B.com (Hons), M.com (Accounting)",1 to 2 year(s),"
5 Sep 2023"
Officer - International Carrier Relations,Digital Network Communications,Mirpur,"Bachelor Degree in any discipline
Bachelor of Business Administration (BBA) in Marketing
Must ...",At most 3 year(s),"
4 Sep 2023"
National Sales Manager,VNilam,Khulna Sadar,Bachelor degree in any disciplineMBA & DVM,At least 15 year(s),"
5 Sep 2023"
IT Support Assistant,Ryans Computers Ltd.,Dhaka,Diploma in Engineering in Computer Engineering,At least 3 year(s),"
5 Sep 2023"
Administration (Manager/ Senior Manager),Evergreen Products Factory (BD) Ltd.,"Dinajpur, Nilphamari, Rangpur",Master of Business Administration (MBA)Post Graduate/ MBA or equivalent,10 to 15 year(s),"
4 Sep 2023"
Asst. Manager/Sr. Executive-Maintenance (Mechanical),A 100% Export-oriented Denim Top Bottom Garments Washing Plant,Kashimpur,MSc/ BSc in Mechanical Engineering from any reputed Public/Private University.,At least 5 year(s),"
5 Sep 2023"
Digital Marketing manager (Sales),Dhaka Mart Limited,Dhaka,Bachelor degree in any disciplineBachelor in Engineering (BEngg) in CSE,At least 2 year(s),"
5 Sep 2023"
Senior Software Engineer / WordPress Plugin Developer Senior,Echoasoft Limited,Khilkhet,Bachelor of Science (BSc) in CSEBachelor of Science (BSc) in Any relevant fieldBachelor of ...,At least 3 year(s),"
5 Sep 2023"
Junior Executive (Trade & Business Development),Mika Securities Limited,Anywhere in Bangladesh,"Bachelor of Business Administration (BBA) in Accounting, Finance, Management, MarketingMaster of ...",Na,"
5 Sep 2023"
"E-Commerce Sales Specialist (Amazon, eBay, Walmart, Shopify & Google Ads)",Evergreen Products Factory (BD) Ltd.,"Dhaka, Nilphamari",Bachelor degree in any discipline,2 to 5 year(s),"
5 Sep 2023"
Head of Business,Circle Electric,Dhaka,"At least 15 year(s)
                                                        






 Deadline: 

5 Sep 2023",At least 15 year(s),"
5 Sep 2023"
Software Developer (Full-Stack),Leadswin Limited,Anywhere in Bangladesh,Bachelor of Science (BSc) in Computer Science & Engineering,At least 2 year(s),"
5 Sep 2023"
General Manager - Administration,EXPERIENCE GROUP,Bhaluka,Masters degree in any discipline,At least 15 year(s),"
5 Sep 2023"
Assistant Manager / Deputy Manager - QMS,Jay Jay Mills (Bangladesh) Pvt. Ltd.,Chittagong Epz,Bachelor of Science (BSc) in Textile TechnologyMasters degree in any discipline,6 to 8 year(s),"
5 Sep 2023"
Executive / Senior Executive - QMS - Training & Development,Jay Jay Mills (Bangladesh) Pvt. Ltd.,Chittagong Epz,Bachelor of Science (BSc) in Textile TechnologyMasters degree in any discipline,3 to 6 year(s),"
5 Sep 2023"
Graphic Designer,TuteBD,Savar,Diploma in ComputerHSC,1 to 4 year(s),"
5 Sep 2023"
Customer Service & Support Engineer,NetWorld Technology Limited,Anywhere in Bangladesh,"Diploma in ComputerDiploma in ElectronicsDiploma in ElectricalBachelor of Science (BSc) in EEE, ...",1 to 2 year(s),"
4 Sep 2023"
Assistant (Ultrasound/ECG),Dhanmondi Diagnostic & Consultation Center,"Dhaka, Dhanmondi, Mohammadpur, Dhanmondi 27",HSC,At least 2 year(s),"
5 Sep 2023"
CRM Executive,Inventive Solutions,Anywhere in Bangladesh,Bachelor degree in any discipline,1 to 2 year(s),"
5 Sep 2023"
সিকিউরিটি গার্ড,S.M. Security Services,চট্টগ্রাম,"Na
                                                        






 Deadline: 

5 Sep 2023",null,Na
Medical Assistant,DBL GROUP,Gazipur,3 Years Diploma from (MATS) with BMDC registration,Na,"
5 Sep 2023"
Nurse,DBL GROUP,Gazipur,3 years Diploma in Nursing from recognized nursing institute with registration from Bangladesh ...,Na,"
5 Sep 2023"
React Native Developer/ Jr. App Developer,Snowtex Group,Dhamrai,Bachelor of Science (BSc) in CSE,1 to 3 year(s),"
5 Sep 2023"
Marketing Executive,The Mall,Nikunja,"1 to 2 year(s)
                                                        






 Deadline: 

5 Sep 2023",1 to 2 year(s),"
5 Sep 2023"
Legal Officer,Meridian Finance & Investment Limited,Gulshan,"At least 3 year(s)
                                                        






 Deadline: 

5 Sep 2023",At least 3 year(s),"
5 Sep 2023"
Production/ Fabrication Engineer (Steel),Muller International Ltd.,Bhaluka,"4 to 5 year(s)
                                                        






 Deadline: 

5 Sep 2023",4 to 5 year(s),"
5 Sep 2023"
W&W Company Limited,"Gazipur, Sreepur",Diploma in Chemical Technology / B.Sc in Chemistry / Post Graduation in any discipline,2 to 6 year(s),null,o 6 year(s)
Sales & Marketing Executive,Trip Footwear,Anywhere in Bangladesh,"1 to 3 year(s)
                                                        






 Deadline: 

5 Sep 2023",1 to 3 year(s),"
5 Sep 2023"
Sr. Executive/Asst. Manager Accounts,Holy Apartments Ltd,Dhaka,"5 to 7 year(s)
                                                        






 Deadline: 

5 Sep 2023",5 to 7 year(s),"
5 Sep 2023"
ASSOCIATE SALES ENGINEER,DMS Technologies (Bangladesh) Ltd.,Dhaka,"2 to 3 year(s)
                                                        






 Deadline: 

5 Sep 2023",2 to 3 year(s),"
5 Sep 2023"
Site Engineer (Civil),Holy Apartments Ltd,Dhaka,"3 to 5 year(s)
                                                        






 Deadline: 

5 Sep 2023",3 to 5 year(s),"
5 Sep 2023"
Akota Technology Limited,"ষ্টীল ফেব্রিকেশন / টাওয়ার ম্যানুফেকচারিং ফ্যাক্টরীতে কিছু সংখ্যক দক্ষ / অদক্ষ ছেলে, পরিশ্রমী / উদ্যমী কর্মী নিয়োগ করা হবেসকল জেলার লোক (ছেলে) আবেদন করতে পারবেনভাজনকরা, গুনবতী, চৌদ্দগ্রাম, কুমিল্লা এসে বা থেকে কাজ করতে হবে",কুমিল্লা,"Na
                                                        






 Deadline: 

5 Sep 2023",Na,"
5 Sep 2023"
"General Manager, Construction (Dhaka)",building technology & ideas ltd.,Dhaka,B.Sc in Civil Engineering from any reputed public university.,At least 15 year(s),"
4 Sep 2023"
Video Editor,TuteBD,Savar,HSCDiploma in Computer,1 to 3 year(s),"
5 Sep 2023"
Area Sales Manager (ASM)/ Regional Sales Manager (RSM),New Vision.,Anywhere in Bangladesh,Bachelor degree in any discipline,At least 5 year(s),"
5 Sep 2023"
Executive/ Sr. Executive - Accounts,SEKA Power Ltd.,Gulshan,"Masters in Accounts, MBA, ICMA.",At least 2 year(s),"
5 Sep 2023"
Executive - Sales,SEKA Power Ltd.,Gulshan,B.Sc. Engineering in Electrical / Mechanical,At least 1 year(s),"
5 Sep 2023"
Assistant Manager - Finance & Accounts,SEKA Power Ltd.,Gulshan,"BBA/MBA/M.Com in Accounting from any reputed Institute.
         CA (Partly Qualified)",3 to 7 year(s),"
5 Sep 2023"
"Executive / Senior Executive, Production (Factory IN charge)",SEKA Power Ltd. (Generators canopy Manufacturing Factory),Khilgaon,"Bachelor of Science (BSc) in Mechanical or Electrical Engineering, Diploma in Mechanical or ...",At least 2 year(s),"
5 Sep 2023"
Executive - Customer Service,US-Bangla Airlines,"Barishal, Chattogram, Cox's Bazar, Dhaka, Jashore, Rajshahi, Sylhet, Saidpur",Graduation/Post Graduation in any discipline from any reputed public/private university or ...,Na,"
5 Sep 2023"
Jr. Executive Officer,Bari International Consultancy,Mirpur 10,Bachelor degree in any discipline,1 to 4 year(s),"
5 Sep 2023"
NDT Technician/Engineer,"ARL Laboratory Service, Australia",Australia,"Bachelor degree in any discipline in Science, Engineering etc.Diploma in EngineeringASNT / CSWIP ...",At least 10 year(s),"
4 Sep 2023"
Receptionist,Red Lifestyle Salon,Mohammadpur,A Level,1 to 2 year(s),"
5 Sep 2023"
প্রভাষক,হাতেখড়ি পাবলিক স্কুল অ্যান্ড কলেজ,গাজীপুর সদর,সংশ্লিষ্ট বিষয়ে অনার্স/মাস্টার্স ডিগ্রী।,Na,"
5 Sep 2023"
Manager/ Senior Manager - Legal,Emami Bangladesh Ltd.,Anywhere in Bangladesh,Master of Law (LLM) in from UGC Approved Renowned University,8 to 12 year(s),"
5 Sep 2023"
Executive/ Sr. Executive - MIS,A Reputed Garments Industries,Dhaka,B.Sc in CSE/ EEE from any reputed university.,2 to 4 year(s),"
5 Sep 2023"
Pharmacist,East Coast Group,Kulaura,Diploma in Pharmacy.,1 to 3 year(s),"
5 Sep 2023"
GM Marketing,M.B INTERNATIONAL,Dhaka,"5 to 8 year(s)
                                                        






 Deadline: 

5 Sep 2023",5 to 8 year(s),"
5 Sep 2023"
"Sr. Officer, Production",Benham Pharmaceuticals Limited,Savar,"3 to 5 year(s)
                                                        






 Deadline: 

5 Sep 2023",3 to 5 year(s),"
5 Sep 2023"
Junior Mobile Developer,Fiftytwo Digital Ltd,Dhaka,"1 to 3 year(s)
                                                        






 Deadline: 

5 Sep 2023",1 to 3 year(s),"
5 Sep 2023"
Senior Mobile Developer,Fiftytwo Digital Ltd,Dhaka,"At least 3 year(s)
                                                        






 Deadline: 

5 Sep 2023",At least 3 year(s),"
5 Sep 2023"
M/ AM - Finance & Accounts.,Arif Agro Industries Ltd.,Dhaka,"5 to 7 year(s)
                                                        






 Deadline: 

4 Sep 2023",5 to 7 year(s),"
4 Sep 2023"
Marketing Executive,TM Enterprise,Dhaka,Bachelor degree in any disciplineHSC or Bachelor of Arts degree in any discipline.,Na,"
4 Sep 2023"
Marketing Executive,The Print Media,Dhaka,Bachelor degree in any discipline,1 to 5 year(s),"
5 Sep 2023"
Executive - QMS,A Reputed Garments & Textile Group,Demra Staff Quarter,Bachelor degree in any disciplineBSc in Textile Engineering is highly preferable.,At least 3 year(s),"
5 Sep 2023"
সিভিল ইঞ্জিনিয়ার,Greenlife Builders & Properties Ltd.,বান্দরবান সদর,"ডিপ্লোমা  হলে ৫ বছর অভিজ্ঞতা।
বিএসসি সিভিল হলে ৩ বছরের অভিজ্ঞতা।",Na,"
5 Sep 2023"
Graphics Designer & Video Editor,Madina Garments,Dhaka,Educational qualifications may be relaxed based on experiences and expertise.,0 to 1 year(s),"
4 Sep 2023"
Trainee Executive,Dhaka Thai Ltd.,Anywhere in Bangladesh,Bachelor degree in any disciplineBachelor of Business Administration (BBA)Minimum honors / BBA,Na,"
5 Sep 2023"
Assistant Manager - Product Management,Apex Footwear Limited,Gulshan,Bachelor of Business Administration (BBA),4 to 7 year(s),"
5 Sep 2023"
Store Keeper,Red Lifestyle Salon,Mohammadpur,HSC,1 to 2 year(s),"
5 Sep 2023"
Senior Executive- Sales & Marketing,Khan Accessories & Packaging com Ltd. (Kapco),Tongi,Bachelor degree in any discipline,At least 3 year(s),"
5 Sep 2023"
"Executive, Brand",Apex Footwear Limited,Gulshan,Bachelor of Business Administration (BBA) in Marketing,2 to 5 year(s),"
5 Sep 2023"
Sr. Executive/ Executive Marketing,Roxy Paints Limited,Dhaka,Honors /master`s from any reputed University,1 to 2 year(s),"
5 Sep 2023"
Marketing Officer,HAVEN CITY HOUSING LTD,Dhaka,Bachelor of Business Administration (BBA) in MarketingCandidates having Graduation/BBA degree  ...,At least 1 year(s),"
5 Sep 2023"
Education Consultant,Irving Education,Banani,Bachelor degree in any discipline,1 to 2 year(s),"
5 Sep 2023"
Sr. Executive- Sales & Marketing,Automatic Bricks & Ceramics PVT Ltd,"Gazipur, Mymensingh",Master of Business Administration (MBA)Masters degree in any discipline,3 to 5 year(s),"
5 Sep 2023"
Barista,HOTEL 71,Dhaka,Bachelor degree in any disciplineHotel Management is preferable.,3 to 7 year(s),"
4 Sep 2023"
Sr. Executive / Asst. Manager (Sales & Marketing),Ashiyan Group,GULSHAN 2,Bachelor of Business Administration (BBA),At least 4 year(s),"
5 Sep 2023"
Audit Officer,NOAPARA GROUP,Jashore,"Master of Commerce (MCom) in Accounting,CA,CC",3 to 5 year(s),"
5 Sep 2023"
Sales & Service Engineer,SHAFIN SYSTEMS,Dhaka,"At least 3 year(s)
                                                        






 Deadline: 

5 Sep 2023",At least 3 year(s),"
5 Sep 2023"
Sr. Executive Accounts & Finance,Grameen Tubes & Bulbs Co.,Dhaka,"8 to 10 year(s)
                                                        






 Deadline: 

5 Sep 2023",8 to 10 year(s),"
5 Sep 2023"
Manager / Assistant Manger (CA/ ACA/FCA/ ACMA/FCMA),Arif Agro Industries Ltd.,Dhaka,"7 to 11 year(s)
                                                        






 Deadline: 

4 Sep 2023",7 to 11 year(s),"
4 Sep 2023"
Trainee Service Engineer,Siemens Healthcare Ltd.,Dhaka,Bachelor of Science (BSc) in EEE,1 to 2 year(s),"
5 Sep 2023"
Japanese Language Teacher,Irving Education,Banani,Bachelor degree in any discipline,At least 2 year(s),"
5 Sep 2023"
Marketing Executive,CITY DIAGNOSTIC CENTER,সোনাডাঙ্গা,"Na
                                                        






 Deadline: 

5 Sep 2023",null,Na
Territory Sales Manager (TSM),MEP Group,Anywhere in Bangladesh,Masters degree in any disciplineMBA Marketing will get preference.,At least 4 year(s),"
5 Sep 2023"
Sr. Executive/ Executive (Corporate Sales & Marketing),MEP Group,Anywhere in Bangladesh,Masters degree in any discipline in MarketingGraduation from any reputed University.,At least 3 year(s),"
5 Sep 2023"
Senior Software Engineer,StudyNet Pty Ltd,Dhaka,"Academic Valour: Possess a Bachelor`s or higher degree in Computer Science, Software Engineering, ...",3 to 5 year(s),"
5 Sep 2023"
Manager/ Deputy Manager - Technical Support & Business Development (TSBD),Bengal Cement Limited,Dhaka,B.Sc/M.sc in Civil Engineering from any reputed University.,At least 8 year(s),"
5 Sep 2023"
Facebook and Google ads Expert,Digital Kuli,Uttara Sector 7,"1 to 2 year(s)
                                                        






 Deadline: 

5 Sep 2023",null,o 2 year(s)
Pharmacy Salesman,Shilmoon Specialized Hospital,Tongi,"Diploma in pharmacy discipline/ Well experience in this role.
In the case of Experience ...",3 to 7 year(s),"
5 Sep 2023"
Sr. Executive/Asst. Manager - Sales & Marketing,Universal Gas & Gas Cylinder Ltd. (Dhaka),Dhaka,Bachelor degree in any disciplineMechanical/Electrical Engineers will be preferred.,2 to 3 year(s),"
4 Sep 2023"
ড্রাইভার,Besthome Properties Ltd,বাংলাদেশের যেকোনো স্থানে,"At least 7 year(s)
                                                        






 Deadline: 

4 Sep 2023",null,t 7 year(s)
"Assistant Manager, ECR",Unicom Textile Mills Ltd.(Factory),Fatullah,"Bachelor of Science (BSc) in Environmental Science
Skills Required: Analytical and problem solving ...",5 to 7 year(s),"
5 Sep 2023"
শাখা ব্যবস্থাপক- সঞ্চয় ও ঋণ কর্মসূচী,যুগান্তর সমাজ উন্নয়ন সংস্থা (জেএসইউএস),চট্টগ্রাম,"At least 3 year(s)
                                                        






 Deadline: 

5 Sep 2023",At least 3 year(s),"
5 Sep 2023"
সিনিয়র ক্রেডিট অফিসার- সঞ্চয় ও ঋণ কর্মসূচী,যুগান্তর সমাজ উন্নয়ন সংস্থা (জেএসইউএস),চট্টগ্রাম,"At least 3 year(s)
                                                        






 Deadline: 

5 Sep 2023",At least 3 year(s),"
5 Sep 2023"
জুনিয়র ক্রেডিট অফিসার- সঞ্চয় ও ঋণ কর্মসূচী,যুগান্তর সমাজ উন্নয়ন সংস্থা (জেএসইউএস),চট্টগ্রাম,"Na
                                                        






 Deadline: 

5 Sep 2023",Na,"
5 Sep 2023"
Distribution Support Officer,ShopUp,Anywhere in Bangladesh,"Na
                                                        






 Deadline: 

5 Sep 2023",Na,"
5 Sep 2023"
Sales Representative,Star Plus,কালীগঞ্জ,"Na
                                                        






 Deadline: 

4 Sep 2023",Na,"
4 Sep 2023"
Teacher- English Language,Sydney International School,Dhaka,"2 to 3 year(s)
                                                        






 Deadline: 

5 Sep 2023",2 to 3 year(s),"
5 Sep 2023"
Asst. Manager/ Dy. Manager - RHEL Sales,Rupayan Housing Estate Limited,Dhaka,"At least 5 year(s)
                                                        






 Deadline: 

5 Sep 2023",At least 5 year(s),"
5 Sep 2023"
AGM/ DGM (RHEL - Sales),Rupayan Housing estate Ltd.,Dhaka,"12 to 15 year(s)
                                                        






 Deadline: 

5 Sep 2023",12 to 15 year(s),"
5 Sep 2023"
HR & Compliance Executive,Rose Sweaters Ltd. (Unit-2),Gazipur,Bachelor degree in any discipline,At least 2 year(s),"
5 Sep 2023"
Asst. Security Officer/ Supervisor,Rose Sweaters Ltd. (Unit-2),Gazipur,8 Pass,At least 2 year(s),"
5 Sep 2023"
Senior Software Engineer,Eudika Technologies Ltd,Dhanmondi,Bachelor of Science (BSc) in Computer ScienceBachelor`s degree in Computer Science (or related ...,At least 4 year(s),"
4 Sep 2023"
Brand Promotor,Voice Marketing,টঙ্গী,"Na
                                                        






 Deadline: 

4 Sep 2023",null,Na
Marketing and Growth Specialist,Eudika Technologies Ltd,Anywhere in Bangladesh,Bachelor of Business Administration (BBA) in Marketing,At least 3 year(s),"
4 Sep 2023"
Account/Office Manager,Eudika Technologies Ltd,Dhanmondi,Bachelor of Business Administration (BBA),At least 2 year(s),"
4 Sep 2023"
Security Officer/ IN charge,Rose Sweaters Ltd. (Unit-2),Gazipur,SSC,At least 2 year(s),"
5 Sep 2023"
Officer/ Senior Officer (Commercial),Dhaka EMB,Dhaka,Masters in Commerce from any reputed public/ private university.,At least 5 year(s),"
5 Sep 2023"
Private Assistant cum Office Executive,AFW,"Uttara, Uttara Sector 10",O Level,Na,"
5 Sep 2023"
Graphic Designer,H Power Group,Anywhere in Bangladesh,Bachelor of Fine Arts (B.F.A)Diploma in Graphics Design/ Fine Arts/ Bachelor in Graphics Design. ...,At least 2 year(s),"
4 Sep 2023"
Business Development Executive,Set Square Architects,Anywhere in Bangladesh,Bachelor of Business Administration (BBA) in MarketingBachelor of Business Administration (BBA) in ...,At least 2 year(s),"
4 Sep 2023"
Liaison  Officer,HCCB,Dhaka,"Computer skilled or well known both English and Bengali typing, website visit and on line form ...",Na,"
4 Sep 2023"
Operations Executive,City Group,"Gazipur, GULSHAN 2",Bachelor of Business Administration (BBA) In Retail Management or a related field,1 to 2 year(s),"
4 Sep 2023"
Intern-Sales Admin,PRAN Group,Dhaka,BBA or MBA from any reputed university.,Na,"
4 Sep 2023"
Manager (Accounts & Finance),A well reputed Group of Companies,Kashimpur,Master of Commerce (MCom) in AccountingMaster of Business Administration (MBA) in Accounting,10 to 13 year(s),"
4 Sep 2023"
Assistant Production Manager,DEKKO Legacy Group,Ashulia,"8 to 10 year(s)
                                                        






 Deadline: 

5 Sep 2023",8 to 10 year(s),"
5 Sep 2023"
Shantinagar Income Tax Consultancy Ltd,Dhaka,"HSC, Graduate , University Students can apply (Running/Passed)
LLB, LLM graduate students will get ...",At most 1 year(s),null,t 1 year(s)
Acquaint Technologies Ltd,"software development, Web application, Mobile app, E-commerce and Enterprise Solutions. IT Consultancy.",Dhaka,"1 to 2 year(s)
                                                        






 Deadline: 

5 Sep 2023",1 to 2 year(s),"
5 Sep 2023"
Engineer/ Executive (Corporate Marketing),Techno Bangla Engineering Ltd.,Dhaka,"Na
                                                        






 Deadline: 

4 Sep 2023",Na,"
4 Sep 2023"
Green View Resort & Convention Center Ltd.,Uttar Khan,"Masters degree in any disciplineDiploma in Hotel Management will be added an advantages.
A ...",At least 15 year(s),null, 15 year(s)
Customer Relationship Executive,GTC BPO Services Limited,Mohakhali,Bachelor degree in any discipline,0 to 1 year(s),"
4 Sep 2023"
HR Officer,Mariners Food & Agro Limited,Anywhere in Bangladesh,"Bachelor of Business Administration (BBA) in HRM, Master of Business Administration (MBA) in HRM",At least 1 year(s),"
4 Sep 2023"
কাস্টমার সার্ভিস এসিস্টেন্ট (লোডার),ইউ-এস বাংলা এয়ারলাইন্স,"বরিশাল, চট্টগ্রাম, কক্সবাজার, ঢাকা, যশোর, নীলফামারী, রাজশাহী, সিলেট",এস এস সি বা সমমান।,Na,"
4 Sep 2023"
Assistant Manager (Quality Assurance) Barishal Factory,A Leading Group of Companies,Barishal,Master of Science (MSc) in ChemistryMasters degree in any discipline,At least 9 year(s),"
4 Sep 2023"
Store Operations (Sales Representative),City Group,Gazipur,Diploma in Business Studies in ManagementHSC in Business StudiesSSC in Business Studies,1 to 2 year(s),"
4 Sep 2023"
Electrical and Electronics Engineer (EEE),Rongdhanu Group,Basundhara RA,"Bachelor in Engineering (BEngg) in Electrical  Electronic EngineeringCandidates from BUET, CUET, ...",At least 5 year(s),"
4 Sep 2023"
Project Engineer  (HVAC & Water System),Renowned Company,Anywhere in Bangladesh,Diploma in Engineering in Chemical or Mechanical Engineering,2 to 5 year(s),"
4 Sep 2023"
Sr. Officer (Tax Financial Reporting),Mahbub Group of Industries.,Uttara,CA(CC) with MBA in Accounting/ Finance.,Na,"
4 Sep 2023"
Accounts Executive,Mahdeen Group,Uttara,"At least a Bachelor`s Degree in Accounting, Finance or Bachelor of Business Administration (BBA) in ...",1 to 2 year(s),"
4 Sep 2023"
Sales & Marketing Executive,Technogym Dhaka (World Leading Italian Wellness Company),Banani,Bachelor of Business Administration (BBA) in MarketingEnglish Medium Back ground is ...,2 to 5 year(s),"
4 Sep 2023"
Management Trainee (Sales & Marketing),S S Enterprise,Dhaka,"Bachelor`s degree in any discipline
Skills Required: Core Marketing Knowledge, Data Analysis, MS ...",Na,"
4 Sep 2023"
Guardian Network,Banani,Masters degree in any disciplineBachelor degree in any discipline,1 to 3 year(s),null,o 3 year(s)
Fire Safety Officer,Reputed Spinning Mills,Narsingdi,"At least 5 year(s)
                                                        






 Deadline: 

4 Sep 2023",At least 5 year(s),"
4 Sep 2023"
Manager / AGM - Shipping Agent & Project Logistics,Mazada Group,Dhaka,"Na
                                                        






 Deadline: 

5 Sep 2023",Na,"
5 Sep 2023"
Distribution Audit Manager,ShopUp,Dhaka,"At least 4 year(s)
                                                        






 Deadline: 

4 Sep 2023",At least 4 year(s),"
4 Sep 2023"
Digital Marketer,IMBD Agency,DOHS Banani,"At least 1 year(s)
                                                        






 Deadline: 

4 Sep 2023",At least 1 year(s),"
4 Sep 2023"
Executive (Accounts),Huetech BD,Uttara,"2 to 3 year(s)
                                                        






 Deadline: 

4 Sep 2023",2 to 3 year(s),"
4 Sep 2023"
Executive (Front Desk),SWAN Properties Ltd.  A Sister Concern of SWAN GROUP (Swan Foam++),Dhaka,"Na
                                                        






 Deadline: 

4 Sep 2023",Na,"
4 Sep 2023"
"SR. EXECUTIVE DIGITAL MARKETING (SEO, WEBSITE EXPERT)",HANGZHOU SUNSHINE TRIMS,Anywhere in Bangladesh,Bachelor degree in any discipline,At least 2 year(s),"
4 Sep 2023"
Jist Life Care,Anywhere in Bangladesh,"B.sc/M.sc (Biochemistry & Molecular Biology, Health Technology, Microbiology, Biotechnology",At least 1 year(s),null,t 1 year(s)
Executive - Store & Inventory,S S Enterprise,Dhaka,"Bachelor/Master`s degree in any discipline from a well-reputed university, Education qualification ...",2 to 3 year(s),"
4 Sep 2023"
Lab Technologist,Nari Shishu Hospital And Diagnostic Center,Savar,"Diploma in Medical TechnologyDiploma in Pathology
Diploma in Medical Technology in (Lab).",2 to 3 year(s),"
4 Sep 2023"
Laser Therapist,Glowing Beauty The Esthetic clinic,Dhanmondi 27,Diploma in Nursing in Laser Specialist,At most 1 year(s),"
4 Sep 2023"
Sample Collector/ Phlebotomist,Khidmah Hospital Ltd.,Khilgaon,"Diploma in Pathology / Medical Technology.
In the case of Experience Applicants, Education may be ...",At least 1 year(s),"
4 Sep 2023"
"Officer, IT",A Leading Manufacturing Company,"Dhaka, Dhamrai",Bachelor of Science (BSc) in Computer Science & EngineeringDiploma in Computer in Computer Science ...,At least 3 year(s),"
4 Sep 2023"
Asst. Manager-IT & MIS,A reputed group of companies,Anywhere in Bangladesh,B.Sc/ M.Sc in IT.,At least 8 year(s),"
4 Sep 2023"
কেয়ারটেকার + গার্ডেনার,HM Expo Private ltd,ভাটারা,"Na
                                                        






 Deadline: 

4 Sep 2023",null,Na
Sr. Manager/ Manager-Sales & Marketing (Flat/Apartment),Sajeeb Homes Ltd. (A sister concern of Sajeeb Group),Dhaka,Masters degree in any disciplineMaster of Business Administration (MBA) in Marketing is ...,At least 7 year(s),"
4 Sep 2023"
Executive- Batch,Interstoff Apparels Limited,Gazipur,Graduation,At least 10 year(s),"
4 Sep 2023"
বিনিয়োগ কর্মকর্তা,আশ্রয়,বাংলাদেশের যেকোনো স্থানে,যে কোন বিষয়ে ন্যূনতম স্নাতকোত্তর ডিগ্রী।,Na,"
4 Sep 2023"
Customer Relationship Manager,Promixco Group,Dhaka,"Bachelor of Business Studies (BBS)Bachelor`s degree in Business, Marketing, or a related field.",At least 5 year(s),"
4 Sep 2023"
Documentation Expert-Tender Marketing,Promixco Group,Dhaka,"Bachelor of Business Administration (BBA)Bachelor`s degree in Business, Communication, Marketing, ...",At least 8 year(s),"
4 Sep 2023"
Fabrics Quality Controller,WinTex Fabrics and Fashions,Ashulia,SSCHSC,1 to 2 year(s),"
4 Sep 2023"
Sourcing & Costing-Tender Marketing Specialist,Promixco Group,Dhaka,"Bachelor of Commerce (BCom)Bachelor`s degree in Business, Supply Chain Management, Engineering, or ...",At least 8 year(s),"
4 Sep 2023"
Sr. Marketing Executive,Idealist Architects & Interior,Chattogram,Bachelor degree in any discipline from any university.,Na,"
4 Sep 2023"
HR & Account Executive,Idealist Architects & Interior,Chattogram Sadar,Bachelor degree in any discipline Or running ( BBA/ Honors ) from any university.,Na,"
4 Sep 2023"
Human Resources Manager (HR Manager),Promixco Group,Dhaka,"Bachelor of Business Administration (BBA)Bachelor`s degree in Human Resources, Business ...",At least 8 year(s),"
4 Sep 2023"
Manager (Sales & Marketing),Techno Bangla Engineering Ltd.,Dhaka,"3 to 5 year(s)
                                                        






 Deadline: 

4 Sep 2023",3 to 5 year(s),"
4 Sep 2023"
Sales Manager / Territory Manager,RZ MEDIC PVT LTD,Dhaka,"Na
                                                        






 Deadline: 

4 Sep 2023",Na,"
4 Sep 2023"
Jeans Culture Ltd,Dhaka,"MBA, BA, B.Com, B.SC.",5 to 7 year(s),null,o 7 year(s)
Administrative Manager,Promixco Group,Dhaka,"Bachelor of Business Administration (BBA)Bachelor`s degree in Business Administration, Management, ...",At least 8 year(s),"
4 Sep 2023"
Factory Operations Manager,Promixco Group,"Dhaka, Gazipur","Bachelor degree in any disciplineBachelor`s degree in Industrial Engineering, Manufacturing ...",At least 5 year(s),"
4 Sep 2023"
AutoCAD Engineer ( Specially steel building),Automan Steel Building System Limited (ASBS),Mohammadpur,Bachelor of Science (BSc)B. Sc in Civil Engineering.,At least 2 year(s),"
4 Sep 2023"
Production Manager - Medical Furniture,Promixco Group,"Dhaka, Gazipur","Bachelor degree in any disciplineBachelor`s degree in Industrial Engineering, Manufacturing ...",At least 5 year(s),"
4 Sep 2023"
Production Designer-Medical Furniture,Promixco Group,Gazipur,"Bachelor degree in any disciplineBachelor`s degree in Industrial Design, Furniture Design, Product ...",At least 5 year(s),"
4 Sep 2023"
Industrial Engineer,Handicraft Beauty and Fashion Ltd.,Gazipur,Master of Science (MSc) in IEBachelor of Science (BSc) in IE,3 to 5 year(s),"
4 Sep 2023"
Call Center Executive,Internet style zonee,Nakhalpara,H.S.C/ Graduate,Na,"
4 Sep 2023"
Professional Video Editor,Digital Kuli,Uttara West,HSC,1 to 5 year(s),"
4 Sep 2023"
Electrical Engineer Assistant,huan eng construction material trader,Dhaka GPO,Diploma in Engineering in Electrical & Electronic EngineeringHSC in English,Na,"
4 Sep 2023"
"Assistant Manager / Regional Manager, Sales and Marketing",Dhaka Thai Ltd.,"Barishal, Faridpur, Shariatpur",Bachelor of Business Administration (BBA) in MarketingMaster of Business Administration (MBA) in ...,8 to 10 year(s),"
4 Sep 2023"
Call Center Executive - International (Night Shift),Team Dynamics,Mohammadpur,HSCA LevelO LevelBachelor degree in any discipline,Na,"
4 Sep 2023"
অফিস সহায়ক,"জেলা প্রশাসকের কার্যালয়, দিনাজপুর",দিনাজপুর,"Na
                                                        






 Deadline: 

5 Sep 2023",null,Na
অফিস সহায়ক,মাইক্রোক্রেডিট রেগুলেটরী অথরিটি,ঢাকা,"Na
                                                        






 Deadline: 

5 Sep 2023",null,Na
পরীক্ষক প্রশাসন উইং,বাংলাদেশ স্ট্যান্ডার্ড এন্ড টেষ্টিং ইনস্টিটিউশন (বিএসটিআই),ঢাকা,"Na
                                                        






 Deadline: 

5 Sep 2023",null,Na
পরিসংখ্যানবিদ,বাংলাদেশ স্ট্যান্ডার্ড এন্ড টেষ্টিং ইনস্টিটিউশন (বিএসটিআই),ঢাকা,"Na
                                                        






 Deadline: 

5 Sep 2023",null,Na
পরিদর্শক (মেট্রোলজি),বাংলাদেশ স্ট্যান্ডার্ড এন্ড টেষ্টিং ইনস্টিটিউশন (বিএসটিআই),ঢাকা,"Na
                                                        






 Deadline: 

5 Sep 2023",null,Na
"পরীক্ষক (মেট্রোলজি, রসায়ন)",বাংলাদেশ স্ট্যান্ডার্ড এন্ড টেষ্টিং ইনস্টিটিউশন (বিএসটিআই),ঢাকা,"Na
                                                        






 Deadline: 

5 Sep 2023",null,Na
"পরীক্ষক (মেট্রোলজি , ভৌত)",বাংলাদেশ স্ট্যান্ডার্ড এন্ড টেষ্টিং ইনস্টিটিউশন (বিএসটিআই),ঢাকা,"Na
                                                        






 Deadline: 

5 Sep 2023",null,Na
Junior Executive,Medical Management Strategies,Dhaka,"At least 1 year(s)
                                                        






 Deadline: 

4 Sep 2023",At least 1 year(s),"
4 Sep 2023"
Female Tour Consultant,Holiday Trip Vista,"Rampura, Banasree","At most 1 year(s)
                                                        






 Deadline: 

4 Sep 2023",At most 1 year(s),"
4 Sep 2023"
পরীক্ষক (মান) পাট ও বস্ত্র মান উইং,বাংলাদেশ স্ট্যান্ডার্ড এন্ড টেষ্টিং ইনস্টিটিউশন (বিএসটিআই),ঢাকা,"Na
                                                        






 Deadline: 

5 Sep 2023",null,Na
পরীক্ষক (পরীক্ষণ) টেক্সটাইল,বাংলাদেশ স্ট্যান্ডার্ড এন্ড টেষ্টিং ইনস্টিটিউশন (বিএসটিআই),ঢাকা,"Na
                                                        






 Deadline: 

5 Sep 2023",null,Na
"পরীক্ষক (পরীক্ষণ) ইলেকট্রিক্যাল , ইলেকট্রনিক্স , পদার্থ পরীক্ষণ উইং",বাংলাদেশ স্ট্যান্ডার্ড এন্ড টেষ্টিং ইনস্টিটিউশন (বিএসটিআই),ঢাকা,"Na
                                                        






 Deadline: 

5 Sep 2023",null,Na
"পরীক্ষক (পরীক্ষণ) পুরকৌশল , পদার্থ , পদার্থ পরীক্ষণ উইং",বাংলাদেশ স্ট্যান্ডার্ড এন্ড টেষ্টিং ইনস্টিটিউশন (বিএসটিআই),ঢাকা,"Na
                                                        






 Deadline: 

5 Sep 2023",null,Na
পরীক্ষক (পরীক্ষণ) ফুড এন্ড ব্যাকটেরলজি রসায়ন পরীক্ষণ উইং,বাংলাদেশ স্ট্যান্ডার্ড এন্ড টেষ্টিং ইনস্টিটিউশন (বিএসটিআই),ঢাকা,"Na
                                                        






 Deadline: 

5 Sep 2023",null,Na
পরীক্ষক (পরীক্ষণ) রসায়ন,বাংলাদেশ স্ট্যান্ডার্ড এন্ড টেষ্টিং ইনস্টিটিউশন (বিএসটিআই),ঢাকা,"Na
                                                        






 Deadline: 

5 Sep 2023",null,Na
সমন্বয় কর্মকর্তা প্রশাসন উইং,বাংলাদেশ স্ট্যান্ডার্ড এন্ড টেষ্টিং ইনস্টিটিউশন (বিএসটিআই),ঢাকা,"Na
                                                        






 Deadline: 

5 Sep 2023",null,Na
